Workbook

Sheet Sheet1
A1: 分类 | B1: 服务器名称 | C1: 配置属性 | D1: 数量 | E1: 操作系统 | F1: 资源类型 | G1: CPU | H1: 内存 | I1: 磁盘空间(G) | J1: IOPS | K1: 软件 | L1: 端口 | M1: 用途 | N1: 备注 | O1: 华为云租赁价格（年）
A2: PAAS平台 | B2: Ecloud平台、Docker仓库 | D2: 1 | E2: centos 7.8、7.9最小化安装 | F2: 虚拟机 | G2: 8 | H2: 16 | I2: 1024 | J2: 不低于2000 | K2: 平台服务端一键部署包 | L2: 8080、5044、8081、443、3690 | M2: 提供应用的开发流水线、应用资源管理调度与监控能力，支持系统的部署、配置和运维监控 | O2: 12686
A3: 交易平台 | B3: 开评标系统、不见面开标大厅 | C3: 非集群、使用docker | D3: 1 | E3: centos 7.8、7.9最小化安装 | F3: 虚拟机 | G3: 8 | H3: 16 | I3: 200 | J3: 不低于2000 | K3: Paas客户端一键部署包 | L3: 8080、18080 | M3: 开评标系统 | N3: 电子唱标、不见面开标大厅需要专属硬件服务器 | O3: 6918
B4: 交易平台业务服务、数据交互（交易）、BS招标工具、保证金平台、JAVA框架支撑服务 | C4: 非集群、使用docker | D4: 1 | E4: centos 7.8、7.9最小化安装 | F4: 虚拟机 | G4: 8 | H4: 16 | I4: 200 | J4: 不低于2000 | K4: Paas客户端一键部署包 | L4: 8080~8084、18080 | M4: 交易平台业务服务、数据交互（交易）、BS招标工具、保证金平台、JAVA框架支撑服务(交易)、JAVA框架支撑服务(评标专用) | O4: 6918
B5: 交易平台投标端、接口服务、统一主体库 | C5: 非集群、使用docker | D5: 1 | E5: centos 7.8、7.9最小化安装 | F5: 虚拟机 | G5: 8 | H5: 16 | I5: 200 | J5: 不低于2000 | K5: Paas客户端一键部署包 | L5: 8080~8082、18080 | M5: 交易平台投标服务、接口tpservice、投标文件上传接口 | O5: 6918
M6: 统一主体库、统一支撑平台
B7: 竞价系统、竞价服务 | C7: 非集群、使用docker | D7: 1 | E7: centos 7.8、7.9最小化安装 | F7: 虚拟机 | G7: 8 | H7: 16 | I7: 200 | J7: 不低于2000 | K7: Paas客户端一键部署包 | L7: 8080、8081、18080 | M7: 竞价系统、竞价服务 | O7: 6918
B8: 统一认证平台、统一认证平台、定时任务、任务调度服务 | C8: 非集群、使用docker | D8: 1 | E8: centos 7.8、7.9最小化安装 | F8: 虚拟机 | G8: 8 | H8: 16 | I8: 200 | J8: 不低于5000 | K8: Paas客户端一键部署包 | L8: 8080~8082、18080 | M8: 统一支撑平台soa、统一认证平台sso、任务调度服务epointjob、定时任务tpjob | O8: 6918
A9: 监督平台 | B9: 监督平台基础应用、DXP、指标工厂 | C9: 非集群、使用docker | D9: 1 | E9: centos 7.8、7.9最小化安装 | F9: 虚拟机 | G9: 8 | H9: 16 | I9: 200 | J9: 不低于5000 | K9: Paas客户端一键部署包 | L9: 8080~8082、18080 | M9: 监督平台基础应用、DXP | O9: 6918
A10: 大数据 | B10: 新点大数据平台、数据集成开发平台、livyandspark | C10: 非集群、使用docker | D10: 1 | E10: centos 7.8、7.9最小化安装 | F10: 虚拟机 | G10: 8 | H10: 16 | I10: 200 | J10: 不低于5000 | K10: Paas客户端一键部署包 | L10: 8080~8082、18080 | M10: 新点大数据平台、数据集成开发平台、livyandspark | O10: 6918
B11: 数据中台管理 | C11: 非集群、使用docker | D11: 1 | E11: centos 7.8、7.9最小化安装 | F11: 虚拟机 | G11: 8 | H11: 16 | I11: 200 | J11: 不低于5000 | K11: Paas客户端一键部署包 | L11: 8080~8082、18080 | M11: 数据中台管理 | O11: 6918
B12: StarRocks | C12: 非集群、使用docker | D12: 1 | E12: centos 7.8、7.9最小化安装 | F12: 虚拟机 | G12: 8 | H12: 16 | I12: 200 | J12: 不低于5000 | K12: Paas客户端一键部署包 | L12: 8080~8082、18080 | M12: StarRocks | O12: 6918
A13: 网站 | B13: ES、网站接口服务、全文检索、网站后台服务、生成服务、网站前台、网站Nginx中间件 | C13: 使用docker | D13: 1 | E13: centos 7.8、7.9最小化安装 | F13: 虚拟机 | G13: 8 | H13: 16 | I13: 200 | J13: 不低于2000 | K13: Paas客户端一键部署包 | L13: 8080~8083、18080 | M13: ES组件、网站动态请求处理服务、全文检索接口、网站大师后台、调度生成、网站前台、网站Nginx中间件 | O13: 6918
A14: 共用组件 | B14: Windows框架支撑服务 | D14: 1 | E14: Windows 2016 server 中文标准版（X64，10用户） | F14: 虚拟机 | G14: 4 | H14: 8 | I14: 300 | J14: 不低于2000 | K14: Windows服务安装包、office2016 专业版 | L14: 200、201、8081、18080 | M14: Windows框架支撑服务(交易专用)、Windows框架支撑服务(评标专用) | O14: 5345
B15: 统一对外访问服务（Nginx） | C15: 集群、使用docker | D15: 1 | E15: centos 7.8、7.9最小化安装 | F15: 虚拟机 | G15: 4 | H15: 8 | I15: 500 | J15: 不低于2000 | K15: Paas客户端一键部署包 | L15: 80、18080 | M15: 作为反向代理服务器，将访问请求按一定策略（轮询或权重）转发给后端多台应用 | O15: 6745
B16: RabbitMQ、Redis | C16: 集群、使用docker | D16: 1 | E16: centos 7.8、7.9最小化安装 | F16: 虚拟机 | G16: 4 | H16: 8 | I16: 200 | J16: 不低于5000 | K16: Paas客户端一键部署包 | L16: 5672、15672、18080 | M16: 缓存服务（Redis） | O16: 4645
B17: MySQL MHA管理节点 | D17: 1 | E17: centos 7.8、7.9最小化安装 | F17: 虚拟机 | G17: 4 | H17: 8 | I17: 1024 | J17: 不低于2000 | L17: 3306 | N17: 应用与数据库服务器之间通过安全设备隔离的，需安全设备保持长连接。 | O17: 10413
B18: MySQL MHA 数据节点 | D18: 1 | E18: centos 7.8、7.9最小化安装 | F18: 虚拟机 | G18: 16 | H18: 32 | I18: 2048 | J18: 不低于15000 | K18: MySQL（版本5.7.23) | L18: 3306 | O18: 27027.5
A19: 测试资源 | B19: 测试服务器(跳板机) | D19: 1 | E19: Windows 2016 server 中文标准版（X64，10用户） | F19: 虚拟机 | G19: 4 | H19: 8 | I19: 300 | J19: 不低于2000 | L19: 63986 | M19: 跳板机 | O19: 5345
B20: 测试服务器 | D20: 2 | E20: centos 7.8、7.9最小化安装 | F20: 虚拟机 | G20: 8 | H20: 16 | I20: 200 | J20: 不低于2000 | L20: 80、8060~8090、6379、5672、15672、18080 | O20: 6918
B21: 测试数据库 | D21: 1 | E21: centos 7.8、7.9最小化安装 | F21: 虚拟机 | G21: 8 | H21: 16 | I21: 500 | J21: 不低于2000 | L21: 3306、1521 | O21: 9018
A22: 仿真环境 | B22: 仿真服务器 | C22: 非必要，选配 | D22: 3 | E22: centos 7.8、7.9最小化安装 | F22: 虚拟机 | G22: 8 | H22: 16 | I22: 200 | J22: 不低于2000 | L22: 80、8060~8090、6379、5672、15672、18080 | O22: 6918
A23: 附件存储 | B23: 文件服务器(业务系统) | D23: 1 | E23: centos 7.8、7.9最小化安装 | F23: 虚拟机 | G23: 8 | H23: 16 | I23: 2048 | J23: 不低于5000 | L23: 111、30001、30002、30003、30004、2049 | M23: 作为统一存储附件的服务，提供API供各业务系统使用，该服务的后端实际存储可以是本地磁盘也可以是接NAS或对象存储 | O23: 32682 | P23: 超高IO
B24: 文件备份服务器 | D24: 1 | E24: centos 7.8、7.9最小化安装 | F24: 虚拟机 | G24: 8 | H24: 16 | I24: 3072 | J24: 不低于2000 | L24: 873(rsync默认端口) | M24: 文件备份服务器 | O24: 25804
A25: 注： | O25: =SUM(O7:O24) -> 189286.5
A26: 1、本清单为虚拟机配置清单，如需物理机清单、专属硬件设备等内容请自行联系硬件咨询
A27: 2、具体需要专属硬件服务器的包含且不限于以下内容：推流管理机（不见面开标）、语音一体机（专家抽取）、密函打印机（专家抽取）、开评标视音频管理机（远程异地评标）、电子交易录像文件存储管理机（不见面开标需要视频存储用到、远程异地评标需要视频存储用到）、电子交易行为管理机、电子交易一体化存储机（用于虚拟化配置的时候，磁盘阵列用）
A28: 3、数据库建议采用物理机+PCIE SSD,数据库共享存储不建议与附件存储共用。
A29: 4、服务器内网之间网络互通
A30: 软件清单
A32: 软件 | B32: 功能简介 | C32: 备注 | D32: 数量 | E32: 详细描述
A33: WAF | B33: web应用安全防护 | D33: 1
A34: Windows 2016 server 中文标准版（X64，10用户） | D34: 3
A35: SSL证书 | B35: 用于https访问 | D35: 1 | E35: 可购买腾讯云免费DV证书，也可购买泛域名证书。
A36: office 2016 专业版 | D36: 2

Sheet Sheet2
A1: 项目 | B1: 数量 | C1: 不含文件备份服务器总资源
A2: vCPU合计 | B2: {=SUMPRODUCT(Sheet1!D:D,Sheet1!G:G)} -> 188 | C2: {=SUMPRODUCT((Sheet1!B2:B28<>"文件备份服务器")*Sheet1!D2:D28,Sheet1!G2:G28)} -> 180
A3: CPU物理核配比 | B3: 3
A4: 单颗物理CPU核心数 | B4: 16
A5: 实体CPU数量（颗） | B5: =ROUNDUP(B2/B3/B4,0) -> 4
A6: 物理机数量（台） | B6: =ROUNDUP(B5/2,0) -> 2
A7: 内存合计（G） | B7: {=SUMPRODUCT(Sheet1!D:D,Sheet1!H:H)} -> 376 | C7: {=SUMPRODUCT((Sheet1!B2:B28<>"文件备份服务器")*Sheet1!D2:D28,Sheet1!H2:H28)} -> 360
A8: 单根内存容量（G） | B8: 32
A9: 每台服务器内存条数量（考虑冗余2根） | B9: =ROUNDUP(B7/B6/B8,0)+2 -> 8
A10: 硬盘合计（G） | B10: {=SUMPRODUCT(Sheet1!D:D,Sheet1!I:I)} -> 14016 | C10: {=SUMPRODUCT((Sheet1!B2:B28<>"文件备份服务器")*Sheet1!D2:D28,Sheet1!I2:I28)} -> 10944
A11: 单个SSD硬盘容量（T) | B11: 3.5
A12: 共享存储SSD硬盘数量（考虑RAID1） | B12: =ROUNDUP(B10/B11/1000,0)*2 -> 10

Sheet 物理机
A1: 序号 | B1: 设备名称 | C1: 参数 | D1: 单位 | E1: 数量 | F1: 单价（元） | G1: 总价（元） | H1: 备注
A2: 一、服务器设备
A3: 1 | B3: 服务器主机 | C3: CPU≥2*英特尔至强金牌5218(2.3GHz/16-Core/22MB/125W)处理器（含散热器） 内存≥8*32GB 硬盘≥2*通用硬盘-600GB RAID卡：不低于2GB 缓存,支持RAID0/1/5/6/10/50/60 网卡：不少于4个千兆网口 HBA卡：16Gb-双端口 电源：2*白金交流电源模块 风扇：冗余风扇 DVD：DVD-RW | D3: 台 | E3: 2 | F3: 118000 | G3: =E3*F3 -> 236000
A4: 2 | B4: 虚拟化软件 | C4: 2CPU授权+首次安装部署服务 | D4: 套 | E4: 1 | F4: =12000*6 -> 72000 | G4: =E4*F4 -> 72000
A5: 3 | B5: 操作系统 | C5: Windows 2019 server 中文标准版（X64，10用户） | D5: 套 | E5: 3 | F5: 28000 | G5: =E5*F5 -> 84000
A6: 4 | B6: office软件 | C6: Microsoft Office 2016 套件简体中文标准版 | D6: 套 | E6: 2 | F6: 6600 | G6: =E6*F6 -> 13200
A7: 5 | B7: 备份软件 | C7: 含10T授权专属备份软件功能模块，支持对Windows/Linux环境的灾备，支持对Oracle/SQL/My SQL/Sybase/DB2/Exchange/ Louts Notes等各主流数据库的备份，支持差异/增量/全备份模式，支持VMware虚拟化无代理备份；含无限Oracle/SQL/My SQL/ Sybase /DB2 /SAP /Exchange / Louts Notes等各主流数据库的备份授权及文件、操作系统备份，含无限VMware虚拟主机无代理备份授权许可，含局部/全局的去重压缩功能授权；含跨平台介质共享功能；含新建/原路径/自定义等恢复模式，含跨平台恢复，含智能副本管理功能，支持复合增量功能，支持OBNR功能，支持在线迁移功能，支持业务在线恢复功能。 | D7: 套 | E7: 1 | F7: 45000 | G7: =E7*F7 -> 45000 | H7: 选配
A8: 6 | B8: 异机备份服务器 | C8: CPU：1*英特尔至强银牌 4309Y 2.8G, 8C/16T, 10.4GT/s, 12M 缓存, Turbo, HT (105W) DDR4-2666； 内存：1*16GB RDIMM, 3200MT/s, 双列； 硬盘：2*600GB 硬盘 SAS ISE 12Gbps 10k 512n 2.5英寸 含 3.5英寸 HYB 托架 热插拔； 4*4TB 硬盘 SATA 6Gbps 7.2K 512e 3.5英寸热插拔； raid控制卡； 网卡：集成双口千兆网卡； 电源：双,热插拔, 冗余 电源 (1+1), 600W； 导轨； | D8: 台 | E8: 1 | F8: 38000 | G8: =E8*F8 -> 38000
A9: 7 | B9: SAN交换机 | C9: 24端口交换机，12端口激活，含12个16Gb/s短波多模模块，全光纤支持级联，固定单电源，端口端出风设计 ，机架套件 | D9: 台 | E9: 1 | F9: 52560 | G9: =E9*F9 -> 52560
A10: 8 | B10: 光纤跳线 | C10: LC-LC接口 5m 光纤线 | D10: 根 | E10: 10 | F10: 500 | G10: =E10*F10 -> 5000
A11: 9 | B11: 一体化存储机 | C11: CPU性能≥2*8核, 内存≥2*8GB RDIMM,2*300G SAS 2.5英寸热拔插硬盘 标配路径冗余、快照、卷复制、卷镜像软件 可做光纤存储设备使用，存储及备份数据库 存储各种电子文件，数据库文件，可提升30%的系统运行速度 对各种电子文件进行统一管理 内置备份软件，可定时加密备份，防止文件丢失。可任意回溯至任意版本的备份（包含已删除文件）； 提供双冗余双总线PowerPC ASIC 800 RISC架构RAID热插拔控制器 双控制器标配8GB内存,最大可扩至64GB CACHE且具备内存保护技术,超级电容不需要更换,循环使用寿命长,可覆盖系统的整个使用过程, 确保在紧急状况下提供电力,防止关键数据丢失 提供主机通道：同时标配4 x 32Gb/s FC ports 通道+ 8个1Gbps iSCSI通道 任意1条FC光纤通道故障不会影响整个存储系统的使用，自动提供路径冗余及故障切换功能 提供主-主/主-备等多种路径冗余及均衡负载方式，以保障任意链路的中断不影响整个存储读写的访问 路径冗余软件不受用户数限制，用户以后增加服务器无须再购买软件 提供RAID JBOD, 0, 1, 3, 5, 5+Spare,6, 10, 30, 50, 60, NRAID，支持""2.5” SAS SSDs – 200GB, 400GB, 800GB 2.5” SATA SSDs – 100GB, 200GB, 300GB, 400GB, 800GB 2.5” 10K RPM SAS drives – 300GB, 450GB, 600GB, 900GB, 1.2TB,1.6TB"";最大可支持到444块硬盘" 提供最大64个Logical Drive Patitions磁盘分区，提供最大1024 LUN MAP，且LUN及端口映射功能分配不受连接个数限制,以后扩充服务器无须再购买软件 提供内部无线缆连接Cable-less全模块化设计 提供2组热插拔冗余电源、冗余风扇模组 支持管理方式：RS232串口、10/100M Eth port, GUI全中文的远程管理软件,并可通过EMAIL\FAX\LAN broadcast\SMS\MSN Messenger\传呼或SNMP协议向系统管理员报警 最大支持3.2TB SSD缓存功能.该功能利用固态硬盘高速度和低延迟特性,为有高I/O需求的重要的数据和经常使用的数据提供更快的读取性能。该功能可以帮助用户更好地应对高I/O负载和不断增长的存储容量要求的同时，大大提高性能，最大可提升88%系统响应时间。 | D11: 台 | E11: 1 | F11: =220000 -> 220000 | G11: =E11*F11 -> 220000
B12: 配套硬盘 | C12: 企业级3.84T MLC 2.5寸 1X DWPD SAS 12Gb/s磁盘阵列专用高速读写混合型SSD硬盘 | D12: 块 | E12: 10 | F12: 17800 | G12: =E12*F12 -> 178000
B13: 合计 | G13: =SUM(G2:G12) -> 943760
A14: 注：以上设备数量按实际需求为准。清单未含机柜、布线、网络（安全）系统，UPS等，需确认满足机房基本运行的互联网接入等要求。
